{"cameraMode":{"drawMode":0,"name":"Shaded","section":"Shading Mode"},"sceneLighting":false,"audioPlay":false,"sceneViewState":{"showFog":false,"showMaterialUpdate":false,"showSkybox":false,"showFlares":false,"showImageEffects":false,"showParticleSystems":false},"in2DMode":false,"pivot":{"x":99.66201782226563,"y":-48.89997863769531,"z":548.2490234375},"rotation":{"x":0.2287558615207672,"y":-0.7372210621833801,"z":0.5598587989807129,"w":0.3012312054634094},"size":580.1900024414063,"orthographic":false}