{"cameraMode":{"drawMode":0,"name":"Shaded","section":"Shading Mode"},"sceneLighting":false,"audioPlay":false,"sceneViewState":{"showFog":false,"showMaterialUpdate":false,"showSkybox":false,"showFlares":false,"showImageEffects":false,"showParticleSystems":false},"in2DMode":false,"pivot":{"x":29.719207763671876,"y":-7.4012603759765629,"z":44.09507751464844},"rotation":{"x":-0.31722232699394228,"y":0.007678896654397249,"z":-0.002568791853263974,"w":-0.9483180642127991},"size":99.1444320678711,"orthographic":false}