{"cameraMode":{"drawMode":0,"name":"Shaded","section":"Shading Mode"},"sceneLighting":false,"audioPlay":false,"sceneViewState":{"showFog":false,"showMaterialUpdate":false,"showSkybox":false,"showFlares":false,"showImageEffects":false,"showParticleSystems":false},"in2DMode":false,"pivot":{"x":183.21763610839845,"y":64.27777862548828,"z":1.0566638708114625},"rotation":{"x":-0.5428107380867004,"y":-0.431448370218277,"z":0.3841727077960968,"w":-0.6096078753471375},"size":-24.403654098510743,"orthographic":false}