{"cameraMode":{"drawMode":0,"name":"Shaded","section":"Shading Mode"},"sceneLighting":false,"audioPlay":false,"sceneViewState":{"showFog":false,"showMaterialUpdate":false,"showSkybox":false,"showFlares":false,"showImageEffects":false,"showParticleSystems":false},"in2DMode":false,"pivot":{"x":229.32595825195313,"y":0.845451295375824,"z":258.4920959472656},"rotation":{"x":0.01128190103918314,"y":0.9670605063438416,"z":-0.2505398094654083,"w":0.0435471385717392},"size":2.9354493618011476,"orthographic":false}