{"cameraMode":{"drawMode":0,"name":"Shaded","section":"Shading Mode"},"sceneLighting":false,"audioPlay":false,"sceneViewState":{"showFog":false,"showMaterialUpdate":false,"showSkybox":false,"showFlares":false,"showImageEffects":false,"showParticleSystems":false},"in2DMode":false,"pivot":{"x":1.680290937423706,"y":1.866773247718811,"z":-0.09078383445739746},"rotation":{"x":-0.3676241636276245,"y":-0.571099579334259,"z":0.31720399856567385,"w":-0.6618760824203491},"size":26.235408782958986,"orthographic":false}