{"cameraMode":{"drawMode":0,"name":"Shaded","section":"Shading Mode"},"sceneLighting":false,"audioPlay":false,"sceneViewState":{"showFog":false,"showMaterialUpdate":false,"showSkybox":false,"showFlares":false,"showImageEffects":false,"showParticleSystems":false},"in2DMode":false,"pivot":{"x":145.54747009277345,"y":55.59474182128906,"z":212.01988220214845},"rotation":{"x":0.4881317615509033,"y":0.5067326426506043,"z":-0.4493023157119751,"w":0.5505262017250061},"size":110.82036590576172,"orthographic":false}