{"cameraMode":{"drawMode":0,"name":"Shaded","section":"Shading Mode"},"sceneLighting":false,"audioPlay":false,"sceneViewState":{"showFog":false,"showMaterialUpdate":false,"showSkybox":false,"showFlares":false,"showImageEffects":false,"showParticleSystems":false},"in2DMode":false,"pivot":{"x":264.3018798828125,"y":-55.30133056640625,"z":198.9368896484375},"rotation":{"x":-0.48663100600242617,"y":-0.14364445209503175,"z":0.08148416876792908,"w":-0.8578575253486633},"size":793.4424438476563,"orthographic":false}