{"cameraMode":{"drawMode":0,"name":"Shaded","section":"Shading Mode"},"sceneLighting":false,"audioPlay":false,"sceneViewState":{"showFog":false,"showMaterialUpdate":false,"showSkybox":false,"showFlares":false,"showImageEffects":false,"showParticleSystems":false},"in2DMode":false,"pivot":{"x":179.3448944091797,"y":-481.1225891113281,"z":425.6436462402344},"rotation":{"x":0.48769649863243105,"y":0.5107972621917725,"z":-0.4724321961402893,"w":0.5273028612136841},"size":904.7161254882813,"orthographic":false}