{"cameraMode":{"drawMode":0,"name":"Shaded","section":"Shading Mode"},"sceneLighting":false,"audioPlay":false,"sceneViewState":{"showFog":true,"showMaterialUpdate":false,"showSkybox":true,"showFlares":true,"showImageEffects":true,"showParticleSystems":true},"in2DMode":false,"pivot":{"x":-0.004896640777587891,"y":-0.4353122413158417,"z":0.7196869254112244},"rotation":{"x":-0.16134993731975556,"y":0.8118842840194702,"z":-0.264830082654953,"w":-0.4946470856666565},"size":17.41733741760254,"orthographic":false}