{"cameraMode":{"drawMode":0,"name":"Shaded","section":"Shading Mode"},"sceneLighting":false,"audioPlay":false,"sceneViewState":{"showFog":true,"showMaterialUpdate":false,"showSkybox":true,"showFlares":true,"showImageEffects":true,"showParticleSystems":true},"in2DMode":false,"pivot":{"x":259.1000061035156,"y":0.1100006103515625,"z":147.10000610351563},"rotation":{"x":-0.13572293519973756,"y":0.8546082377433777,"z":-0.41693904995918276,"w":-0.2781931757926941},"size":8.006686210632325,"orthographic":false}