{"cameraMode":{"drawMode":0,"name":"Shaded","section":"Shading Mode"},"sceneLighting":false,"audioPlay":false,"sceneViewState":{"showFog":true,"showMaterialUpdate":false,"showSkybox":true,"showFlares":true,"showImageEffects":true,"showParticleSystems":true},"in2DMode":false,"pivot":{"x":167.20846557617188,"y":6.633602142333984,"z":389.5313415527344},"rotation":{"x":0.16762614250183106,"y":0.7260634303092957,"z":-0.1904299259185791,"w":0.6391177177429199},"size":23.502885818481447,"orthographic":false}