{"cameraMode":{"drawMode":0,"name":"Shaded","section":"Shading Mode"},"sceneLighting":false,"audioPlay":false,"sceneViewState":{"showFog":true,"showMaterialUpdate":false,"showSkybox":true,"showFlares":true,"showImageEffects":true,"showParticleSystems":true},"in2DMode":false,"pivot":{"x":242.0500030517578,"y":1.0499999523162842,"z":215.74000549316407},"rotation":{"x":-0.21164344251155854,"y":0.7883540391921997,"z":-0.4068230092525482,"w":-0.4101284444332123},"size":161.5920867919922,"orthographic":false}